name,label
potatoe/24.jpg,potatoe
potatoe/36.jpg,potatoe
potatoe/53.jpg,potatoe
potatoe/5.jpg,potatoe
potatoe/18.jpg,potatoe
potatoe/37.jpg,potatoe
potatoe/7.jpg,potatoe
potatoe/52.jpg,potatoe
potatoe/47.jpg,potatoe
potatoe/16.jpg,potatoe
potatoe/6.jpg,potatoe
potatoe/3.jpg,potatoe
potatoe/44.jpg,potatoe
potatoe/54.jpg,potatoe
potatoe/34.jpg,potatoe
potatoe/20.jpg,potatoe
potatoe/49.jpg,potatoe
potatoe/45.jpg,potatoe
potatoe/31.jpg,potatoe
potatoe/1.jpg,potatoe
potatoe/9.jpg,potatoe
potatoe/46.jpg,potatoe
potatoe/42.jpg,potatoe
potatoe/22.jpg,potatoe
potatoe/39.jpg,potatoe
potatoe/33.jpg,potatoe
potatoe/30.jpg,potatoe
potatoe/13.jpg,potatoe
potatoe/48.jpg,potatoe
potatoe/55.jpg,potatoe
potatoe/8.jpg,potatoe
potatoe/17.jpg,potatoe
potatoe/4.jpg,potatoe
potatoe/43.jpg,potatoe
potatoe/51.jpg,potatoe
potatoe/40.jpg,potatoe
potatoe/25.jpg,potatoe
potatoe/2.jpg,potatoe
potatoe/29.jpg,potatoe
potatoe/14.jpg,potatoe
potatoe/32.jpg,potatoe
potatoe/27.jpg,potatoe
potatoe/23.jpg,potatoe
potatoe/50.jpg,potatoe
potatoe/15.jpg,potatoe
potatoe/41.jpg,potatoe
potatoe/12.jpg,potatoe
potatoe/0.jpg,potatoe
potatoe/11.jpg,potatoe
potatoe/10.jpg,potatoe
potatoe/38.jpg,potatoe
potatoe/35.jpg,potatoe
potatoe/28.jpg,potatoe
potatoe/21.jpg,potatoe
potatoe/19.jpg,potatoe
ginger/24.jpg,ginger
ginger/5.jpg,ginger
ginger/18.jpg,ginger
ginger/7.jpg,ginger
ginger/16.jpg,ginger
ginger/6.jpg,ginger
ginger/3.jpg,ginger
ginger/20.jpg,ginger
ginger/31.jpg,ginger
ginger/1.jpg,ginger
ginger/9.jpg,ginger
ginger/22.jpg,ginger
ginger/30.jpg,ginger
ginger/13.jpg,ginger
ginger/8.jpg,ginger
ginger/17.jpg,ginger
ginger/4.jpg,ginger
ginger/26.jpg,ginger
ginger/25.jpg,ginger
ginger/2.jpg,ginger
ginger/29.jpg,ginger
ginger/27.jpg,ginger
ginger/23.jpg,ginger
ginger/15.jpg,ginger
ginger/12.jpg,ginger
ginger/0.jpg,ginger
ginger/11.jpg,ginger
ginger/10.jpg,ginger
ginger/28.jpg,ginger
ginger/21.jpg,ginger
ginger/19.jpg,ginger
